"Ref","Val","Package","PosX","PosY","Rot","Side"
"C1","0.1µF","C_0603_1608Metric_Pad1.05x0.95mm_HandSolder","64.063880","1.411000","90.000000","top"
"C2","0.1µF","C_0603_1608Metric_Pad1.05x0.95mm_HandSolder","41.179780","-6.718300","0.000000","top"
"C3","1µF","C_0603_1608Metric_Pad1.08x0.95mm_HandSolder","65.460880","-7.669500","90.000000","top"
"C4","1µF","C_0603_1608Metric_Pad1.08x0.95mm_HandSolder","71.912480","-22.747000","270.000000","top"
"C5","1µF","C_0603_1608Metric_Pad1.08x0.95mm_HandSolder","45.902880","-15.748000","270.000000","top"
"C6","0.1µF","C_0603_1608Metric_Pad1.05x0.95mm_HandSolder","59.364880","-30.339000","90.000000","top"
"C7","0.1µF","C_0603_1608Metric_Pad1.05x0.95mm_HandSolder","67.365880","-30.339000","90.000000","top"
"C8","0.1µF","C_0603_1608Metric_Pad1.05x0.95mm_HandSolder","47.553880","-15.734000","270.000000","top"
"C9","0.1µF","C_0603_1608Metric_Pad1.05x0.95mm_HandSolder","49.331880","-15.734000","270.000000","top"
"C10","1µF","C_0603_1608Metric_Pad1.08x0.95mm_HandSolder","67.351880","-34.417000","0.000000","top"
"C11","1µF","C_0603_1608Metric_Pad1.08x0.95mm_HandSolder","59.858880","-34.417000","180.000000","top"
"C12","1µF","C_0603_1608Metric_Pad1.08x0.95mm_HandSolder","50.347880","-35.447000","90.000000","top"
"C13","1µF","C_0603_1608Metric_Pad1.08x0.95mm_HandSolder","49.738280","-26.861800","90.000000","top"
"C15","22µF","C_0805_2012Metric","57.205880","-35.367000","90.000000","top"
"C16","22µF","C_0805_2012Metric","67.426880","-36.195000","0.000000","top"
"C17","22µF","C_0805_2012Metric","55.173880","-35.367000","90.000000","top"
"C18","22µF","C_0805_2012Metric","59.933880","-36.195000","180.000000","top"
"C19","22µF","C_0805_2012Metric","64.698880","-35.494000","90.000000","top"
"C20","22µF","C_0805_2012Metric","62.666880","-35.494000","90.000000","top"
"C21","1µF","C_0603_1608Metric_Pad1.08x0.95mm_HandSolder","37.103080","-25.501600","0.000000","top"
"C22","1µF","C_0603_1608Metric_Pad1.08x0.95mm_HandSolder","51.236880","-23.622000","0.000000","top"
"C23","1µF","C_0603_1608Metric_Pad1.08x0.95mm_HandSolder","59.364880","-26.861800","90.000000","top"
"C24","0.1µF","C_0603_1608Metric_Pad1.05x0.95mm_HandSolder","67.365880","-26.783000","270.000000","top"
"C25","0.1µF","C_0603_1608Metric_Pad1.05x0.95mm_HandSolder","56.810880","-29.337000","0.000000","top"
"C26","0.1µF","C_0603_1608Metric_Pad1.05x0.95mm_HandSolder","48.442880","-1.764000","90.000000","top"
"C27","1µF","C_0603_1608Metric_Pad1.08x0.95mm_HandSolder","53.115380","-13.081000","180.000000","top"
"C28","22µF","C_0805_2012Metric","59.176880","-7.493000","180.000000","top"
"D2","LED","LED_0603_1608Metric_Pad1.05x0.95mm_HandSolder","63.682880","-7.669500","270.000000","top"
"D3","B5819W","D_SOD-123","73.944480","-22.073600","90.000000","top"
"D4","B5819W","D_SOD-123","47.171880","-35.915600","180.000000","top"
"J2","Thermistor","R_0603_1608Metric_Pad1.05x0.95mm_HandSolder","41.179780","-8.293100","0.000000","top"
"J3","USB_B_Micro","USB_Micro-B_Molex-105017-0001","32.865580","-27.263600","270.000000","top"
"L1","6.8µH","L_Bourns_SRP7028A_7.3x6.6mm","45.420280","-30.244200","270.000000","top"
"Q1","2N7002","SOT-23","64.174880","-22.656800","0.000000","top"
"Q2","2N7002","SOT-23","67.730880","-22.656800","180.000000","top"
"Q3","2N7002","SOT-23","56.763880","-14.875000","90.000000","top"
"Q5","AO3401A","SOT-23","63.666880","-26.731000","0.000000","top"
"Q6","AO3401A","SOT-23","71.667880","-26.731000","0.000000","top"
"Q7","2N7002","SOT-23","67.730880","-18.984000","0.000000","top"
"Q8","2N7002","SOT-23","56.570880","-31.861000","90.000000","top"
"Q9","AO3401A","SOT-23","52.395880","-26.670000","180.000000","top"
"Q10","AO3401A","SOT-23","52.252880","-5.350000","90.000000","top"
"Q11","2N7002","SOT-23","52.252880","-8.906000","90.000000","top"
"R1","1k","R_0603_1608Metric_Pad1.05x0.95mm_HandSolder","58.221880","1.383000","270.000000","top"
"R2","100","R_0603_1608Metric_Pad1.05x0.95mm_HandSolder","41.179780","-11.544300","180.000000","top"
"R3","10k","R_0603_1608Metric_Pad1.05x0.95mm_HandSolder","41.179780","-9.918700","180.000000","top"
"R4","180k","R_0603_1608Metric_Pad1.05x0.95mm_HandSolder","61.549280","-22.809200","90.000000","top"
"R6","180k","R_0603_1608Metric_Pad1.05x0.95mm_HandSolder","57.586880","-11.190000","270.000000","top"
"R7","1M","R_0603_1608Metric_Pad0.98x0.95mm_HandSolder","70.286880","-22.769800","270.000000","top"
"R8","1M","R_0603_1608Metric_Pad0.98x0.95mm_HandSolder","56.683880","-18.034000","0.000000","top"
"R9","1M","R_0603_1608Metric_Pad0.98x0.95mm_HandSolder","60.394880","-15.875000","180.000000","top"
"R10","1k","R_0603_1608Metric_Pad1.05x0.95mm_HandSolder","61.904880","-7.669500","270.000000","top"
"R11","10k","R_0603_1608Metric_Pad1.05x0.95mm_HandSolder","50.093880","-19.366200","90.000000","top"
"R12","10k","R_0603_1608Metric_Pad1.05x0.95mm_HandSolder","51.871880","-19.368800","90.000000","top"
"R13","1M","R_0603_1608Metric_Pad0.98x0.95mm_HandSolder","69.016880","-26.820500","270.000000","top"
"R14","1M","R_0603_1608Metric_Pad0.98x0.95mm_HandSolder","61.015880","-26.861800","270.000000","top"
"R15","1M","R_0603_1608Metric_Pad0.98x0.95mm_HandSolder","55.046880","-26.797000","90.000000","top"
"R16","180k","R_0603_1608Metric_Pad1.05x0.95mm_HandSolder","51.871880","-35.447000","90.000000","top"
"R17","39k","R_0603_1608Metric_Pad1.05x0.95mm_HandSolder","53.649880","-31.764000","90.000000","top"
"R18","24k","R_0603_1608Metric_Pad1.05x0.95mm_HandSolder","53.395880","-35.447000","270.000000","top"
"R19","10k","R_0603_1608Metric_Pad1.05x0.95mm_HandSolder","50.855880","-1.764000","90.000000","top"
"R20","10k","R_0603_1608Metric_Pad1.05x0.95mm_HandSolder","53.268880","-1.764000","270.000000","top"
"R21","330","R_0603_1608Metric_Pad1.05x0.95mm_HandSolder","65.714880","1.411000","90.000000","top"
"R22","2.4k","R_0603_1608Metric_Pad1.05x0.95mm_HandSolder","64.331880","-15.875000","0.000000","top"
"R23","1M","R_0603_1608Metric_Pad0.98x0.95mm_HandSolder","48.673380","-6.350000","180.000000","top"
"R24","1M","R_0603_1608Metric_Pad0.98x0.95mm_HandSolder","63.950880","-18.034000","180.000000","top"
"R25","1M","R_0603_1608Metric_Pad0.98x0.95mm_HandSolder","60.394880","-18.034000","180.000000","top"
"R26","1M","R_0603_1608Metric_Pad0.98x0.95mm_HandSolder","48.593380","-9.906000","0.000000","top"
"SW2","SKRKAEE020","SW_Push_SPST_NO_Alps_SKRK","32.440880","-13.276000","90.000000","top"
"U1","FS312F-G","SOT-23-6","61.159380","1.463000","0.000000","top"
"U2","FS8205A","TSSOP-8_4.4x3mm_P0.65mm","61.379180","-2.295800","0.000000","top"
"U3","LC709203FQH-01TWG","WDFN-8-1EP_4x3mm_P0.65mm_EP2.4x1.8mm","44.747180","-9.664700","270.000000","top"
"U4","TP4056","SOP-8_3.9x4.9mm_P1.27mm","62.327880","-12.217400","180.000000","top"
"U7","PCF8563T","SOIC-8_3.9x4.9mm_P1.27mm","44.164480","-20.421600","0.000000","top"
"U8","XC6206P332MR","SOT-23","52.022880","-15.748000","0.000000","top"
"U9","TCA6408A","TSSOP-16_4.4x5mm_P0.65mm","56.832580","-21.681800","180.000000","top"
"U10","FP6291LR","SOT-23-6","50.916880","-31.793000","90.000000","top"
"U11","ME6210A33P","SOT-89-3","70.793880","-31.165800","0.000000","top"
"U12","ME6210A33P","SOT-89-3","62.792880","-31.165800","0.000000","top"
"Y2","32.768KHz","Crystal_SMD_3215-2Pin_3.2x1.5mm","39.146480","-19.766600","270.000000","top"
